WJrWAidLZ5,9940f76b-5607-11ec-9e94-b46bfc47735d
fC8CoZyN8g,9940f76c-5607-11ec-9e84-b46bfc47735d
ECk9NPOnC1,9940f76d-5607-11ec-aac6-b46bfc47735d
A1Kcf8Z1u3,9940f76e-5607-11ec-8c89-b46bfc47735d
8uv1aK9btU,9940f76f-5607-11ec-a0eb-b46bfc47735d
cp5asEx6KR,9940f76f-5607-11ec-a0eb-b46bfc47735d
RxNqRHaaoI,9940f76f-5607-11ec-a0eb-b46bfc47735d
RwKSObZt8b,9940f76f-5607-11ec-a0eb-b46bfc47735d
QVsfnLS8nP,9940f76f-5607-11ec-a0eb-b46bfc47735d
WJrWAidLZ5,9940f770-5607-11ec-a079-b46bfc47735d
tmt3aPs20s,9940f770-5607-11ec-a079-b46bfc47735d
PiQvBSPut9,9940f770-5607-11ec-a079-b46bfc47735d
